[
  {
    "Code": "001",
    "Name": "Banco Do Brasil",
    "Document": "00.000.000/0001-91",
    "CreatedAt": "2017-04-19 15:52:42.400",
    "UpdatedAt": null,
    "DeletedAt": null,
    "IsDeleted": false
  },
  {
    "Code": "002",
    "Name": "Banco Central Do Brasil",
    "CreatedAt": "2018-01-29 15:12:24.270",
    "UpdatedAt": null,
    "DeletedAt": null,
    "IsDeleted": false
  },
  {
    "Code": "003",
    "Name": "Banco Da Amazonia S.A",
    "CreatedAt": "2018-01-29 15:12:24.270",
    "UpdatedAt": null,
    "DeletedAt": null,
    "IsDeleted": false
  },
  {
    "Code": "004",
    "Name": "Banco Do Nordeste Do Brasil S.A",
    "CreatedAt": "2018-01-29 15:12:24.270",
    "UpdatedAt": null,
    "DeletedAt": null,
    "IsDeleted": false
  },
  {
    "Code": "007",
    "Name": "Banco Nac Desenv. Eco. Social S.A",
    "CreatedAt": "2018-01-29 15:12:24.270",
    "UpdatedAt": null,
    "DeletedAt": null,
    "IsDeleted": false
  },
  {
    "Code": "008",
    "Name": "Banco Meridional Do Brasil",
    "CreatedAt": "2018-01-29 15:12:24.270",
    "UpdatedAt": null,
    "DeletedAt": null,
    "IsDeleted": false
  },
  {
    "Code": "020",
    "Name": "Banco Do Estado De Alagoas S.A",
    "CreatedAt": "2018-01-29 15:12:24.270",
    "UpdatedAt": null,
    "DeletedAt": null,
    "IsDeleted": false
  },
  {
    "Code": "021",
    "Name": "Banco Do Estado Do Espirito Santo S.A",
    "CreatedAt": "2018-01-29 15:12:24.270",
    "UpdatedAt": null,
    "DeletedAt": null,
    "IsDeleted": false
  },
  {
    "Code": "022",
    "Name": "Banco De Credito Real De Minas Gerais Sa",
    "CreatedAt": "2018-01-29 15:12:24.273",
    "UpdatedAt": null,
    "DeletedAt": null,
    "IsDeleted": false
  },
  {
    "Code": "024",
    "Name": "Banco Do Estado De Pernambuco",
    "CreatedAt": "2018-01-29 15:12:24.273",
    "UpdatedAt": null,
    "DeletedAt": null,
    "IsDeleted": false
  },
  {
    "Code": "025",
    "Name": "Banco Alfa S/A",
    "CreatedAt": "2018-01-29 15:12:24.273",
    "UpdatedAt": null,
    "DeletedAt": null,
    "IsDeleted": false
  },
  {
    "Code": "026",
    "Name": "Banco Do Estado Do Acre S.A",
    "CreatedAt": "2018-01-29 15:12:24.273",
    "UpdatedAt": null,
    "DeletedAt": null,
    "IsDeleted": false
  },
  {
    "Code": "027",
    "Name": "Banco Do Estado De Santa Catarina S.A",
    "CreatedAt": "2018-01-29 15:12:24.273",
    "UpdatedAt": null,
    "DeletedAt": null,
    "IsDeleted": false
  },
  {
    "Code": "028",
    "Name": "Banco Do Estado Da Bahia S.A",
    "CreatedAt": "2018-01-29 15:12:24.277",
    "UpdatedAt": null,
    "DeletedAt": null,
    "IsDeleted": false
  },
  {
    "Code": "029",
    "Name": "Banco Do Estado Do Rio De Janeiro S.A",
    "CreatedAt": "2018-01-29 15:12:24.277",
    "UpdatedAt": null,
    "DeletedAt": null,
    "IsDeleted": false
  },
  {
    "Code": "030",
    "Name": "Banco Do Estado Da Paraiba S.A",
    "CreatedAt": "2018-01-29 15:12:24.277",
    "UpdatedAt": null,
    "DeletedAt": null,
    "IsDeleted": false
  },
  {
    "Code": "031",
    "Name": "Banco Do Estado De Goias S.A",
    "CreatedAt": "2018-01-29 15:12:24.277",
    "UpdatedAt": null,
    "DeletedAt": null,
    "IsDeleted": false
  },
  {
    "Code": "032",
    "Name": "Banco Do Estado Do Mato Grosso S.A.",
    "CreatedAt": "2018-01-29 15:12:24.277",
    "UpdatedAt": null,
    "DeletedAt": null,
    "IsDeleted": false
  },
  {
    "Code": "033",
    "Name": "Banco Santander S.A.",
    "CreatedAt": "2017-04-19 15:55:59.197",
    "UpdatedAt": null,
    "DeletedAt": null,
    "IsDeleted": false
  },
  {
    "Code": "034",
    "Name": "Banco Do Esado Do Amazonas S.A",
    "CreatedAt": "2018-01-29 15:12:24.280",
    "UpdatedAt": null,
    "DeletedAt": null,
    "IsDeleted": false
  },
  {
    "Code": "035",
    "Name": "Banco Do Estado Do Ceara S.A",
    "CreatedAt": "2018-01-29 15:12:24.280",
    "UpdatedAt": null,
    "DeletedAt": null,
    "IsDeleted": false
  },
  {
    "Code": "036",
    "Name": "Banco Do Estado Do Maranhao S.A",
    "CreatedAt": "2018-01-29 15:12:24.280",
    "UpdatedAt": null,
    "DeletedAt": null,
    "IsDeleted": false
  },
  {
    "Code": "037",
    "Name": "Banco Do Estado Do Para S.A",
    "CreatedAt": "2018-01-29 15:12:24.280",
    "UpdatedAt": null,
    "DeletedAt": null,
    "IsDeleted": false
  },
  {
    "Code": "038",
    "Name": "Banco Do Estado Do Parana S.A",
    "CreatedAt": "2018-01-29 15:12:24.280",
    "UpdatedAt": null,
    "DeletedAt": null,
    "IsDeleted": false
  },
  {
    "Code": "039",
    "Name": "Banco Do Estado Do Piaui S.A",
    "CreatedAt": "2018-01-29 15:12:24.280",
    "UpdatedAt": null,
    "DeletedAt": null,
    "IsDeleted": false
  },
  {
    "Code": "041",
    "Name": "Banco Do Estado Do Rio Grande Do Sul S.A",
    "CreatedAt": "2018-01-29 15:12:24.283",
    "UpdatedAt": null,
    "DeletedAt": null,
    "IsDeleted": false
  },
  {
    "Code": "047",
    "Name": "Banco Do Estado De Sergipe S.A",
    "CreatedAt": "2018-01-29 15:12:24.283",
    "UpdatedAt": null,
    "DeletedAt": null,
    "IsDeleted": false
  },
  {
    "Code": "048",
    "Name": "Banco Do Estado De Minas Gerais S.A",
    "CreatedAt": "2018-01-29 15:12:24.283",
    "UpdatedAt": null,
    "DeletedAt": null,
    "IsDeleted": false
  },
  {
    "Code": "059",
    "Name": "Banco Do Estado De Rondonia S.A",
    "CreatedAt": "2018-01-29 15:12:24.283",
    "UpdatedAt": null,
    "DeletedAt": null,
    "IsDeleted": false
  },
  {
    "Code": "070",
    "Name": "Brb - Banco De BrasíLia",
    "CreatedAt": "2017-04-19 15:58:17.387",
    "UpdatedAt": null,
    "DeletedAt": null,
    "IsDeleted": false
  },
  {
    "Code": "077",
    "Name": "Banco Inter",
    "Document": "00.416.968/0001-01",
    "CreatedAt": "2017-04-19 15:58:39.887",
    "UpdatedAt": "2020-04-29 11:08:00.000",
    "DeletedAt": null,
    "IsDeleted": false
  },
  {
    "Code": "85",
    "Name": "Cooperativa Central De Credito - Ailos",
    "Document": "05.463.212/0001-29",
    "CreatedAt": "2020-03-20 18:04:00.000",
    "UpdatedAt": null,
    "DeletedAt": null,
    "IsDeleted": false
  },
  {
    "Code": "102",
    "Name": "Xp Investimentos",
    "CreatedAt": "2018-01-29 16:47:35.210",
    "UpdatedAt": null,
    "DeletedAt": null,
    "IsDeleted": false
  },
  {
    "Code": "104",
    "Name": "Caixa EconôMica Federal",
    "CreatedAt": "2017-04-19 15:54:41.200",
    "UpdatedAt": null,
    "DeletedAt": null,
    "IsDeleted": false
  },
  {
    "Code": "106",
    "Name": "Banco Itabanco S.A.",
    "CreatedAt": "2018-01-29 15:12:24.287",
    "UpdatedAt": null,
    "DeletedAt": null,
    "IsDeleted": false
  },
  {
    "Code": "107",
    "Name": "Banco Bbm S.A",
    "CreatedAt": "2018-01-29 15:12:24.287",
    "UpdatedAt": null,
    "DeletedAt": null,
    "IsDeleted": false
  },
  {
    "Code": "109",
    "Name": "Banco Credibanco S.A",
    "CreatedAt": "2018-01-29 15:12:24.290",
    "UpdatedAt": null,
    "DeletedAt": null,
    "IsDeleted": false
  },
  {
    "Code": "116",
    "Name": "Banco B.N.L Do Brasil S.A",
    "CreatedAt": "2018-01-29 15:12:24.290",
    "UpdatedAt": null,
    "DeletedAt": null,
    "IsDeleted": false
  },
  {
    "Code": "125",
    "Name": "Plural S.A. Banco Multiplo",
    "Document": "45.246.410/0001-55",
    "CreatedAt": "2020-03-20 18:13:00.000",
    "UpdatedAt": null,
    "DeletedAt": null,
    "IsDeleted": false
  },
  {
    "Code": "148",
    "Name": "Multi Banco S.A",
    "CreatedAt": "2018-01-29 15:12:24.290",
    "UpdatedAt": null,
    "DeletedAt": null,
    "IsDeleted": false
  },
  {
    "Code": "151",
    "Name": "Caixa Economica Do Estado De Sao Paulo",
    "CreatedAt": "2018-01-29 15:12:24.290",
    "UpdatedAt": null,
    "DeletedAt": null,
    "IsDeleted": false
  },
  {
    "Code": "153",
    "Name": "Caixa Economica Do Estado Do R.G.Sul",
    "CreatedAt": "2018-01-29 15:12:24.290",
    "UpdatedAt": null,
    "DeletedAt": null,
    "IsDeleted": false
  },
  {
    "Code": "165",
    "Name": "Banco Norchem S.A",
    "CreatedAt": "2018-01-29 15:12:24.290",
    "UpdatedAt": null,
    "DeletedAt": null,
    "IsDeleted": false
  },
  {
    "Code": "166",
    "Name": "Banco Inter-Atlantico S.A",
    "CreatedAt": "2018-01-29 15:12:24.293",
    "UpdatedAt": null,
    "DeletedAt": null,
    "IsDeleted": false
  },
  {
    "Code": "168",
    "Name": "Banco C.C.F. Brasil S.A",
    "CreatedAt": "2018-01-29 15:12:24.293",
    "UpdatedAt": null,
    "DeletedAt": null,
    "IsDeleted": false
  },
  {
    "Code": "175",
    "Name": "Continental Banco S.A",
    "CreatedAt": "2018-01-29 15:12:24.293",
    "UpdatedAt": null,
    "DeletedAt": null,
    "IsDeleted": false
  },
  {
    "Code": "184",
    "Name": "Bba - Creditanstalt S.A",
    "CreatedAt": "2018-01-29 15:12:24.293",
    "UpdatedAt": null,
    "DeletedAt": null,
    "IsDeleted": false
  },
  {
    "Code": "197",
    "Name": "Stone Pagamentos S.A.",
    "Document": "16.501.555/0002-38",
    "CreatedAt": "2020-04-24 12:58:00.000",
    "UpdatedAt": null,
    "DeletedAt": null,
    "IsDeleted": false
  },
  {
    "Code": "199",
    "Name": "Banco Financial Portugues",
    "CreatedAt": "2018-01-29 15:12:24.293",
    "UpdatedAt": null,
    "DeletedAt": null,
    "IsDeleted": false
  },
  {
    "Code": "200",
    "Name": "Banco Fricrisa Axelrud S.A",
    "CreatedAt": "2018-01-29 15:12:24.297",
    "UpdatedAt": null,
    "DeletedAt": null,
    "IsDeleted": false
  },
  {
    "Code": "201",
    "Name": "Banco Augusta Industria E Comercial S.A",
    "CreatedAt": "2018-01-29 15:12:24.297",
    "UpdatedAt": null,
    "DeletedAt": null,
    "IsDeleted": false
  },
  {
    "Code": "204",
    "Name": "Banco S.R.L S.A",
    "CreatedAt": "2018-01-29 15:12:24.297",
    "UpdatedAt": null,
    "DeletedAt": null,
    "IsDeleted": false
  },
  {
    "Code": "205",
    "Name": "Banco Sul America S.A",
    "CreatedAt": "2018-01-29 15:12:24.297",
    "UpdatedAt": null,
    "DeletedAt": null,
    "IsDeleted": false
  },
  {
    "Code": "206",
    "Name": "Banco Martinelli S.A",
    "CreatedAt": "2018-01-29 15:12:24.297",
    "UpdatedAt": null,
    "DeletedAt": null,
    "IsDeleted": false
  },
  {
    "Code": "208",
    "Name": "Banco Pactual S.A",
    "CreatedAt": "2018-01-29 15:12:24.300",
    "UpdatedAt": null,
    "DeletedAt": null,
    "IsDeleted": false
  },
  {
    "Code": "210",
    "Name": "Deutsch Sudamerikaniche Bank Ag",
    "CreatedAt": "2018-01-29 15:12:24.300",
    "UpdatedAt": null,
    "DeletedAt": null,
    "IsDeleted": false
  },
  {
    "Code": "211",
    "Name": "Banco Sistema S.A",
    "CreatedAt": "2018-01-29 15:12:24.300",
    "UpdatedAt": null,
    "DeletedAt": null,
    "IsDeleted": false
  },
  {
    "Code": "212",
    "Name": "Banco Original",
    "CreatedAt": "2017-10-11 20:33:06.803",
    "UpdatedAt": null,
    "DeletedAt": null,
    "IsDeleted": false
  },
  {
    "Code": "213",
    "Name": "Banco Arbi S.A",
    "CreatedAt": "2018-01-29 15:12:24.300",
    "UpdatedAt": null,
    "DeletedAt": null,
    "IsDeleted": false
  },
  {
    "Code": "214",
    "Name": "Banco Dibens S.A",
    "CreatedAt": "2018-01-29 15:12:24.303",
    "UpdatedAt": null,
    "DeletedAt": null,
    "IsDeleted": false
  },
  {
    "Code": "215",
    "Name": "Banco America Do Sul S.A",
    "CreatedAt": "2018-01-29 15:12:24.303",
    "UpdatedAt": null,
    "DeletedAt": null,
    "IsDeleted": false
  },
  {
    "Code": "216",
    "Name": "Banco Regional Malcon S.A",
    "CreatedAt": "2018-01-29 15:12:24.303",
    "UpdatedAt": null,
    "DeletedAt": null,
    "IsDeleted": false
  },
  {
    "Code": "217",
    "Name": "Banco Agroinvest S.A",
    "CreatedAt": "2018-01-29 15:12:24.303",
    "UpdatedAt": null,
    "DeletedAt": null,
    "IsDeleted": false
  },
  {
    "Code": "218",
    "Name": "Bs2",
    "Document": "71.027.866/0001-34",
    "CreatedAt": "2018-01-29 15:12:24.303",
    "UpdatedAt": "2019-05-21 08:14:51.000",
    "DeletedAt": null,
    "IsDeleted": false
  },
  {
    "Code": "219",
    "Name": "Banco De Credito De Sao Paulo S.A",
    "CreatedAt": "2018-01-29 15:12:24.307",
    "UpdatedAt": null,
    "DeletedAt": null,
    "IsDeleted": false
  },
  {
    "Code": "220",
    "Name": "Banco Crefisul",
    "CreatedAt": "2018-01-29 15:12:24.307",
    "UpdatedAt": null,
    "DeletedAt": null,
    "IsDeleted": false
  },
  {
    "Code": "221",
    "Name": "Banco Graphus S.A",
    "CreatedAt": "2018-01-29 15:12:24.307",
    "UpdatedAt": null,
    "DeletedAt": null,
    "IsDeleted": false
  },
  {
    "Code": "222",
    "Name": "Banco Agf Brasil S. A.",
    "CreatedAt": "2018-01-29 15:12:24.307",
    "UpdatedAt": null,
    "DeletedAt": null,
    "IsDeleted": false
  },
  {
    "Code": "223",
    "Name": "Banco Interunion S.A",
    "CreatedAt": "2018-01-29 15:12:24.307",
    "UpdatedAt": null,
    "DeletedAt": null,
    "IsDeleted": false
  },
  {
    "Code": "224",
    "Name": "Banco Fibra S.A",
    "CreatedAt": "2018-01-29 15:12:24.307",
    "UpdatedAt": null,
    "DeletedAt": null,
    "IsDeleted": false
  },
  {
    "Code": "225",
    "Name": "Banco Brascan S.A",
    "CreatedAt": "2018-01-29 15:12:24.310",
    "UpdatedAt": null,
    "DeletedAt": null,
    "IsDeleted": false
  },
  {
    "Code": "228",
    "Name": "Banco Icatu S.A",
    "CreatedAt": "2018-01-29 15:12:24.310",
    "UpdatedAt": null,
    "DeletedAt": null,
    "IsDeleted": false
  },
  {
    "Code": "229",
    "Name": "Banco Cruzeiro S.A",
    "CreatedAt": "2018-01-29 15:12:24.310",
    "UpdatedAt": null,
    "DeletedAt": null,
    "IsDeleted": false
  },
  {
    "Code": "230",
    "Name": "Banco Bandeirantes S.A",
    "CreatedAt": "2018-01-29 15:12:24.310",
    "UpdatedAt": null,
    "DeletedAt": null,
    "IsDeleted": false
  },
  {
    "Code": "231",
    "Name": "Banco Boavista S.A",
    "CreatedAt": "2018-01-29 15:12:24.310",
    "UpdatedAt": null,
    "DeletedAt": null,
    "IsDeleted": false
  },
  {
    "Code": "232",
    "Name": "Banco Interpart S.A",
    "CreatedAt": "2018-01-29 15:12:24.310",
    "UpdatedAt": null,
    "DeletedAt": null,
    "IsDeleted": false
  },
  {
    "Code": "233",
    "Name": "Banco Mappin S.A",
    "CreatedAt": "2018-01-29 15:12:24.313",
    "UpdatedAt": null,
    "DeletedAt": null,
    "IsDeleted": false
  },
  {
    "Code": "234",
    "Name": "Banco Lavra S.A.",
    "CreatedAt": "2018-01-29 15:12:24.313",
    "UpdatedAt": null,
    "DeletedAt": null,
    "IsDeleted": false
  },
  {
    "Code": "235",
    "Name": "Banco Liberal S.A",
    "CreatedAt": "2018-01-29 15:12:24.313",
    "UpdatedAt": null,
    "DeletedAt": null,
    "IsDeleted": false
  },
  {
    "Code": "236",
    "Name": "Banco Cambial S.A",
    "CreatedAt": "2018-01-29 15:12:24.313",
    "UpdatedAt": null,
    "DeletedAt": null,
    "IsDeleted": false
  },
  {
    "Code": "237",
    "Name": "Bradesco",
    "CreatedAt": "2017-04-19 16:00:31.407",
    "UpdatedAt": null,
    "DeletedAt": null,
    "IsDeleted": false
  },
  {
    "Code": "239",
    "Name": "Banco Bancred S.A",
    "CreatedAt": "2018-01-29 15:12:24.317",
    "UpdatedAt": null,
    "DeletedAt": null,
    "IsDeleted": false
  },
  {
    "Code": "240",
    "Name": "Banco De Credito Real De Minas Gerais S.",
    "CreatedAt": "2018-01-29 15:12:24.317",
    "UpdatedAt": null,
    "DeletedAt": null,
    "IsDeleted": false
  },
  {
    "Code": "241",
    "Name": "Banco Classico S.A",
    "CreatedAt": "2018-01-29 15:12:24.317",
    "UpdatedAt": null,
    "DeletedAt": null,
    "IsDeleted": false
  },
  {
    "Code": "242",
    "Name": "Banco Euroinvest S.A",
    "CreatedAt": "2018-01-29 15:12:24.317",
    "UpdatedAt": null,
    "DeletedAt": null,
    "IsDeleted": false
  },
  {
    "Code": "243",
    "Name": "Banco MáXima S.A",
    "Document": "33.923.798/0001-00",
    "CreatedAt": "2018-01-29 15:12:24.317",
    "UpdatedAt": "2020-03-20 17:00:00.000",
    "DeletedAt": null,
    "IsDeleted": false
  },
  {
    "Code": "244",
    "Name": "Banco Cidade S.A",
    "CreatedAt": "2018-01-29 15:12:24.320",
    "UpdatedAt": null,
    "DeletedAt": null,
    "IsDeleted": false
  },
  {
    "Code": "245",
    "Name": "Banco Empresarial S.A",
    "CreatedAt": "2018-01-29 15:12:24.320",
    "UpdatedAt": null,
    "DeletedAt": null,
    "IsDeleted": false
  },
  {
    "Code": "246",
    "Name": "Banco Abc Roma S.A",
    "CreatedAt": "2018-01-29 15:12:24.320",
    "UpdatedAt": null,
    "DeletedAt": null,
    "IsDeleted": false
  },
  {
    "Code": "247",
    "Name": "Banco Omega S.A",
    "CreatedAt": "2018-01-29 15:12:24.320",
    "UpdatedAt": null,
    "DeletedAt": null,
    "IsDeleted": false
  },
  {
    "Code": "249",
    "Name": "Banco Investcred S.A",
    "CreatedAt": "2018-01-29 15:12:24.320",
    "UpdatedAt": null,
    "DeletedAt": null,
    "IsDeleted": false
  },
  {
    "Code": "250",
    "Name": "Banco Schahin Cury S.A",
    "CreatedAt": "2018-01-29 15:12:24.320",
    "UpdatedAt": null,
    "DeletedAt": null,
    "IsDeleted": false
  },
  {
    "Code": "251",
    "Name": "Banco Sao Jorge S.A.",
    "CreatedAt": "2018-01-29 15:12:24.323",
    "UpdatedAt": null,
    "DeletedAt": null,
    "IsDeleted": false
  },
  {
    "Code": "252",
    "Name": "Banco Fininvest S.A",
    "CreatedAt": "2018-01-29 15:12:24.323",
    "UpdatedAt": null,
    "DeletedAt": null,
    "IsDeleted": false
  },
  {
    "Code": "254",
    "Name": "Banco Parana Banco S.A",
    "CreatedAt": "2018-01-29 15:12:24.323",
    "UpdatedAt": null,
    "DeletedAt": null,
    "IsDeleted": false
  },
  {
    "Code": "255",
    "Name": "Milbanco S.A.",
    "CreatedAt": "2018-01-29 15:12:24.323",
    "UpdatedAt": null,
    "DeletedAt": null,
    "IsDeleted": false
  },
  {
    "Code": "256",
    "Name": "Banco Gulvinvest S.A",
    "CreatedAt": "2018-01-29 15:12:24.323",
    "UpdatedAt": null,
    "DeletedAt": null,
    "IsDeleted": false
  },
  {
    "Code": "258",
    "Name": "Banco Induscred S.A",
    "CreatedAt": "2018-01-29 15:12:24.327",
    "UpdatedAt": null,
    "DeletedAt": null,
    "IsDeleted": false
  },
  {
    "Code": "260",
    "Name": "Nu Pagamentos S.A",
    "Document": "18.236.120/0001-58",
    "CreatedAt": "2018-01-29 16:47:35.153",
    "UpdatedAt": null,
    "DeletedAt": null,
    "IsDeleted": false
  },
  {
    "Code": "261",
    "Name": "Banco Varig S.A",
    "CreatedAt": "2018-01-29 15:12:24.327",
    "UpdatedAt": null,
    "DeletedAt": null,
    "IsDeleted": false
  },
  {
    "Code": "262",
    "Name": "Banco Boreal S.A",
    "CreatedAt": "2018-01-29 15:12:24.327",
    "UpdatedAt": null,
    "DeletedAt": null,
    "IsDeleted": false
  },
  {
    "Code": "263",
    "Name": "Banco Cacique",
    "CreatedAt": "2018-01-29 15:12:24.327",
    "UpdatedAt": null,
    "DeletedAt": null,
    "IsDeleted": false
  },
  {
    "Code": "264",
    "Name": "Banco Performance S.A",
    "CreatedAt": "2018-01-29 15:12:24.330",
    "UpdatedAt": null,
    "DeletedAt": null,
    "IsDeleted": false
  },
  {
    "Code": "265",
    "Name": "Banco Fator S.A",
    "CreatedAt": "2018-01-29 15:12:24.330",
    "UpdatedAt": null,
    "DeletedAt": null,
    "IsDeleted": false
  },
  {
    "Code": "266",
    "Name": "Banco Cedula S.A",
    "CreatedAt": "2018-01-29 15:12:24.330",
    "UpdatedAt": null,
    "DeletedAt": null,
    "IsDeleted": false
  },
  {
    "Code": "267",
    "Name": "Banco Bbm-Com.C.Imob.Cfi S.A.",
    "CreatedAt": "2018-01-29 15:12:24.330",
    "UpdatedAt": null,
    "DeletedAt": null,
    "IsDeleted": false
  },
  {
    "Code": "275",
    "Name": "Banco Real S.A",
    "CreatedAt": "2018-01-29 15:12:24.330",
    "UpdatedAt": null,
    "DeletedAt": null,
    "IsDeleted": false
  },
  {
    "Code": "277",
    "Name": "Banco Planibanc S.A",
    "CreatedAt": "2018-01-29 15:12:24.330",
    "UpdatedAt": null,
    "DeletedAt": null,
    "IsDeleted": false
  },
  {
    "Code": "282",
    "Name": "Banco Brasileiro Comercial",
    "CreatedAt": "2018-01-29 15:12:24.330",
    "UpdatedAt": null,
    "DeletedAt": null,
    "IsDeleted": false
  },
  {
    "Code": "290",
    "Name": "Pagseguro Internet S.A.",
    "Document": "08.561.701/0001-01",
    "CreatedAt": "2019-08-21 12:48:00.000",
    "UpdatedAt": null,
    "DeletedAt": null,
    "IsDeleted": false
  },
  {
    "Code": "291",
    "Name": "Banco De Credito Nacional S.A",
    "CreatedAt": "2018-01-29 15:12:24.333",
    "UpdatedAt": null,
    "DeletedAt": null,
    "IsDeleted": false
  },
  {
    "Code": "294",
    "Name": "Bcr - Banco De Credito Real S.A",
    "CreatedAt": "2018-01-29 15:12:24.333",
    "UpdatedAt": null,
    "DeletedAt": null,
    "IsDeleted": false
  },
  {
    "Code": "295",
    "Name": "Banco Crediplan S.A",
    "CreatedAt": "2018-01-29 15:12:24.333",
    "UpdatedAt": null,
    "DeletedAt": null,
    "IsDeleted": false
  },
  {
    "Code": "300",
    "Name": "Banco De La Nacion Argentina S.A",
    "CreatedAt": "2018-01-29 15:12:24.333",
    "UpdatedAt": null,
    "DeletedAt": null,
    "IsDeleted": false
  },
  {
    "Code": "302",
    "Name": "Banco Do Progresso S.A",
    "CreatedAt": "2018-01-29 15:12:24.337",
    "UpdatedAt": null,
    "DeletedAt": null,
    "IsDeleted": false
  },
  {
    "Code": "303",
    "Name": "Banco Hnf S.A.",
    "CreatedAt": "2018-01-29 15:12:24.337",
    "UpdatedAt": null,
    "DeletedAt": null,
    "IsDeleted": false
  },
  {
    "Code": "304",
    "Name": "Banco Pontual S.A",
    "CreatedAt": "2018-01-29 15:12:24.337",
    "UpdatedAt": null,
    "DeletedAt": null,
    "IsDeleted": false
  },
  {
    "Code": "308",
    "Name": "Banco Comercial Bancesa S.A.",
    "CreatedAt": "2018-01-29 15:12:24.337",
    "UpdatedAt": null,
    "DeletedAt": null,
    "IsDeleted": false
  },
  {
    "Code": "318",
    "Name": "Banco B.M.G. S.A",
    "CreatedAt": "2018-01-29 15:12:24.337",
    "UpdatedAt": null,
    "DeletedAt": null,
    "IsDeleted": false
  },
  {
    "Code": "320",
    "Name": "Banco Industrial E Comercial",
    "CreatedAt": "2018-01-29 15:12:24.340",
    "UpdatedAt": null,
    "DeletedAt": null,
    "IsDeleted": false
  },
  {
    "Code": "323",
    "Name": "Mercadopago.Com RepresentaçõEs Ltda.",
    "Document": "10.573.521/0001-91",
    "CreatedAt": "2019-09-13 15:23:00.000",
    "UpdatedAt": null,
    "DeletedAt": null,
    "IsDeleted": false
  },
  {
    "Code": "325",
    "Name": "óRama Dtvm S.A.",
    "Document": "13.293.225/0001-25",
    "CreatedAt": "2020-01-15 19:27:00.000",
    "UpdatedAt": null,
    "DeletedAt": null,
    "IsDeleted": false
  },
  {
    "Code": "332",
    "Name": "Acesso SoluçõEs De Pagamento S.A.",
    "Document": "13.140.088/0001-99",
    "CreatedAt": "2019-12-26 15:00:00.000",
    "UpdatedAt": null,
    "DeletedAt": null,
    "IsDeleted": false
  },
  {
    "Code": "336",
    "Name": "Banco C6 S.A.",
    "Document": "31.872.495/0001-72",
    "CreatedAt": "2019-08-02 13:11:00.000",
    "UpdatedAt": null,
    "DeletedAt": null,
    "IsDeleted": false
  },
  {
    "Code": "341",
    "Name": "Itaú",
    "CreatedAt": "2017-04-19 15:53:59.107",
    "UpdatedAt": null,
    "DeletedAt": null,
    "IsDeleted": false
  },
  {
    "Code": "346",
    "Name": "Banco Frances E Brasileiro S.A",
    "CreatedAt": "2018-01-29 15:12:24.340",
    "UpdatedAt": null,
    "DeletedAt": null,
    "IsDeleted": false
  },
  {
    "Code": "347",
    "Name": "Banco Sudameris Brasil S.A",
    "CreatedAt": "2018-01-29 15:12:24.340",
    "UpdatedAt": null,
    "DeletedAt": null,
    "IsDeleted": false
  },
  {
    "Code": "351",
    "Name": "Banco Bozano Simonsen S.A",
    "CreatedAt": "2018-01-29 15:12:24.340",
    "UpdatedAt": null,
    "DeletedAt": null,
    "IsDeleted": false
  },
  {
    "Code": "353",
    "Name": "Banco Geral Do Comercio S.A",
    "CreatedAt": "2018-01-29 15:12:24.340",
    "UpdatedAt": null,
    "DeletedAt": null,
    "IsDeleted": false
  },
  {
    "Code": "356",
    "Name": "Abn Amro S.A",
    "CreatedAt": "2018-01-29 15:12:24.340",
    "UpdatedAt": null,
    "DeletedAt": null,
    "IsDeleted": false
  },
  {
    "Code": "366",
    "Name": "Banco Sogeral S.A",
    "CreatedAt": "2018-01-29 15:12:24.343",
    "UpdatedAt": null,
    "DeletedAt": null,
    "IsDeleted": false
  },
  {
    "Code": "369",
    "Name": "Pontual",
    "CreatedAt": "2018-01-29 15:12:24.343",
    "UpdatedAt": null,
    "DeletedAt": null,
    "IsDeleted": false
  },
  {
    "Code": "370",
    "Name": "Beal - Banco Europeu Para America Latina",
    "CreatedAt": "2018-01-29 15:12:24.343",
    "UpdatedAt": null,
    "DeletedAt": null,
    "IsDeleted": false
  },
  {
    "Code": "372",
    "Name": "Banco Itamarati S.A",
    "CreatedAt": "2018-01-29 15:12:24.347",
    "UpdatedAt": null,
    "DeletedAt": null,
    "IsDeleted": false
  },
  {
    "Code": "375",
    "Name": "Banco Fenicia S.A",
    "CreatedAt": "2018-01-29 15:12:24.347",
    "UpdatedAt": null,
    "DeletedAt": null,
    "IsDeleted": false
  },
  {
    "Code": "376",
    "Name": "Chase Manhattan Bank S.A",
    "CreatedAt": "2018-01-29 15:12:24.347",
    "UpdatedAt": null,
    "DeletedAt": null,
    "IsDeleted": false
  },
  {
    "Code": "380",
    "Name": "Picpay ServiçOs S.A.",
    "Document": "22.896.431/0001-10",
    "CreatedAt": "2021-01-06 08:36:00.000",
    "UpdatedAt": null,
    "DeletedAt": null,
    "IsDeleted": false
  },
  {
    "Code": "388",
    "Name": "Banco Mercantil De Descontos S/A",
    "CreatedAt": "2018-01-29 15:12:24.347",
    "UpdatedAt": null,
    "DeletedAt": null,
    "IsDeleted": false
  },
  {
    "Code": "389",
    "Name": "Banco Mercantil Do Brasil S.A",
    "CreatedAt": "2018-01-29 15:12:24.347",
    "UpdatedAt": null,
    "DeletedAt": null,
    "IsDeleted": false
  },
  {
    "Code": "392",
    "Name": "Banco Mercantil De Sao Paulo S.A",
    "CreatedAt": "2018-01-29 15:12:24.350",
    "UpdatedAt": null,
    "DeletedAt": null,
    "IsDeleted": false
  },
  {
    "Code": "394",
    "Name": "Banco B.M.C. S.A",
    "CreatedAt": "2018-01-29 15:12:24.350",
    "UpdatedAt": null,
    "DeletedAt": null,
    "IsDeleted": false
  },
  {
    "Code": "399",
    "Name": "Banco Hsbc",
    "CreatedAt": "2017-04-19 16:05:20.353",
    "UpdatedAt": null,
    "DeletedAt": null,
    "IsDeleted": false
  },
  {
    "Code": "409",
    "Name": "Unibanco - Uniao Dos Bancos Brasileiros",
    "CreatedAt": "2018-01-29 15:12:24.350",
    "UpdatedAt": null,
    "DeletedAt": null,
    "IsDeleted": false
  },
  {
    "Code": "412",
    "Name": "Banco Nacional Da Bahia S.A",
    "CreatedAt": "2018-01-29 15:12:24.350",
    "UpdatedAt": null,
    "DeletedAt": null,
    "IsDeleted": false
  },
  {
    "Code": "415",
    "Name": "Banco Nacional S.A",
    "CreatedAt": "2018-01-29 15:12:24.350",
    "UpdatedAt": null,
    "DeletedAt": null,
    "IsDeleted": false
  },
  {
    "Code": "420",
    "Name": "Banco Nacional Do Norte S.A",
    "CreatedAt": "2018-01-29 15:12:24.350",
    "UpdatedAt": null,
    "DeletedAt": null,
    "IsDeleted": false
  },
  {
    "Code": "422",
    "Name": "Banco Safra",
    "CreatedAt": "2017-04-19 16:04:20.790",
    "UpdatedAt": null,
    "DeletedAt": null,
    "IsDeleted": false
  },
  {
    "Code": "424",
    "Name": "Banco Noroeste S.A",
    "CreatedAt": "2018-01-29 15:12:24.353",
    "UpdatedAt": null,
    "DeletedAt": null,
    "IsDeleted": false
  },
  {
    "Code": "434",
    "Name": "Banco Fortaleza S.A",
    "CreatedAt": "2018-01-29 15:12:24.353",
    "UpdatedAt": null,
    "DeletedAt": null,
    "IsDeleted": false
  },
  {
    "Code": "453",
    "Name": "Banco Rural S.A",
    "CreatedAt": "2018-01-29 15:12:24.353",
    "UpdatedAt": null,
    "DeletedAt": null,
    "IsDeleted": false
  },
  {
    "Code": "456",
    "Name": "Banco Tokio S.A",
    "CreatedAt": "2018-01-29 15:12:24.353",
    "UpdatedAt": null,
    "DeletedAt": null,
    "IsDeleted": false
  },
  {
    "Code": "464",
    "Name": "Banco Sumitomo Brasileiro S.A",
    "CreatedAt": "2018-01-29 15:12:24.357",
    "UpdatedAt": null,
    "DeletedAt": null,
    "IsDeleted": false
  },
  {
    "Code": "466",
    "Name": "Banco Mitsubishi Brasileiro S.A",
    "CreatedAt": "2018-01-29 15:12:24.357",
    "UpdatedAt": null,
    "DeletedAt": null,
    "IsDeleted": false
  },
  {
    "Code": "472",
    "Name": "Lloyds Bank Plc",
    "CreatedAt": "2018-01-29 15:12:24.357",
    "UpdatedAt": null,
    "DeletedAt": null,
    "IsDeleted": false
  },
  {
    "Code": "473",
    "Name": "Banco Financial Portugues S.A",
    "CreatedAt": "2018-01-29 15:12:24.357",
    "UpdatedAt": null,
    "DeletedAt": null,
    "IsDeleted": false
  },
  {
    "Code": "477",
    "Name": "Citibank N.A",
    "CreatedAt": "2018-01-29 15:12:24.357",
    "UpdatedAt": null,
    "DeletedAt": null,
    "IsDeleted": false
  },
  {
    "Code": "479",
    "Name": "Banco De Boston S.A",
    "CreatedAt": "2018-01-29 15:12:24.360",
    "UpdatedAt": null,
    "DeletedAt": null,
    "IsDeleted": false
  },
  {
    "Code": "480",
    "Name": "Banco Portugues Do Atlantico-Brasil S.A",
    "CreatedAt": "2018-01-29 15:12:24.360",
    "UpdatedAt": null,
    "DeletedAt": null,
    "IsDeleted": false
  },
  {
    "Code": "483",
    "Name": "Banco Agrimisa S.A.",
    "CreatedAt": "2018-01-29 15:12:24.360",
    "UpdatedAt": null,
    "DeletedAt": null,
    "IsDeleted": false
  },
  {
    "Code": "487",
    "Name": "Deutsche Bank S.A - Banco Alemao",
    "CreatedAt": "2018-01-29 15:12:24.360",
    "UpdatedAt": null,
    "DeletedAt": null,
    "IsDeleted": false
  },
  {
    "Code": "488",
    "Name": "Banco J. P. Morgan S.A",
    "CreatedAt": "2018-01-29 15:12:24.360",
    "UpdatedAt": null,
    "DeletedAt": null,
    "IsDeleted": false
  },
  {
    "Code": "489",
    "Name": "Banesto Banco Urugauay S.A",
    "CreatedAt": "2018-01-29 15:12:24.360",
    "UpdatedAt": null,
    "DeletedAt": null,
    "IsDeleted": false
  },
  {
    "Code": "492",
    "Name": "Internationale Nederlanden Bank N.V.",
    "CreatedAt": "2018-01-29 15:12:24.363",
    "UpdatedAt": null,
    "DeletedAt": null,
    "IsDeleted": false
  },
  {
    "Code": "493",
    "Name": "Banco Union S.A.C.A",
    "CreatedAt": "2018-01-29 15:12:24.363",
    "UpdatedAt": null,
    "DeletedAt": null,
    "IsDeleted": false
  },
  {
    "Code": "494",
    "Name": "Banco La Rep. Oriental Del Uruguay",
    "CreatedAt": "2018-01-29 15:12:24.363",
    "UpdatedAt": null,
    "DeletedAt": null,
    "IsDeleted": false
  },
  {
    "Code": "495",
    "Name": "Banco La Provincia De Buenos Aires",
    "CreatedAt": "2018-01-29 15:12:24.363",
    "UpdatedAt": null,
    "DeletedAt": null,
    "IsDeleted": false
  },
  {
    "Code": "496",
    "Name": "Banco Exterior De Espana S.A",
    "CreatedAt": "2018-01-29 15:12:24.363",
    "UpdatedAt": null,
    "DeletedAt": null,
    "IsDeleted": false
  },
  {
    "Code": "498",
    "Name": "Centro Hispano Banco",
    "CreatedAt": "2018-01-29 15:12:24.367",
    "UpdatedAt": null,
    "DeletedAt": null,
    "IsDeleted": false
  },
  {
    "Code": "499",
    "Name": "Banco Iochpe S.A",
    "CreatedAt": "2018-01-29 15:12:24.367",
    "UpdatedAt": null,
    "DeletedAt": null,
    "IsDeleted": false
  },
  {
    "Code": "501",
    "Name": "Banco Brasileiro Iraquiano S.A.",
    "CreatedAt": "2018-01-29 15:12:24.367",
    "UpdatedAt": null,
    "DeletedAt": null,
    "IsDeleted": false
  },
  {
    "Code": "502",
    "Name": "Banco Santander De Negocios S.A",
    "CreatedAt": "2018-01-29 15:12:24.367",
    "UpdatedAt": null,
    "DeletedAt": null,
    "IsDeleted": false
  },
  {
    "Code": "504",
    "Name": "Banco Multiplic S.A",
    "CreatedAt": "2018-01-29 15:12:24.367",
    "UpdatedAt": null,
    "DeletedAt": null,
    "IsDeleted": false
  },
  {
    "Code": "505",
    "Name": "Banco Garantia S.A",
    "CreatedAt": "2018-01-29 15:12:24.370",
    "UpdatedAt": null,
    "DeletedAt": null,
    "IsDeleted": false
  },
  {
    "Code": "600",
    "Name": "Banco Luso Brasileiro S.A",
    "CreatedAt": "2018-01-29 15:12:24.370",
    "UpdatedAt": null,
    "DeletedAt": null,
    "IsDeleted": false
  },
  {
    "Code": "601",
    "Name": "Bfc Banco S.A.",
    "CreatedAt": "2018-01-29 15:12:24.370",
    "UpdatedAt": null,
    "DeletedAt": null,
    "IsDeleted": false
  },
  {
    "Code": "602",
    "Name": "Banco Patente S.A",
    "CreatedAt": "2018-01-29 15:12:24.370",
    "UpdatedAt": null,
    "DeletedAt": null,
    "IsDeleted": false
  },
  {
    "Code": "604",
    "Name": "Banco Industrial Do Brasil S.A",
    "CreatedAt": "2018-01-29 15:12:24.370",
    "UpdatedAt": null,
    "DeletedAt": null,
    "IsDeleted": false
  },
  {
    "Code": "607",
    "Name": "Banco Santos Neves S.A",
    "CreatedAt": "2018-01-29 15:12:24.373",
    "UpdatedAt": null,
    "DeletedAt": null,
    "IsDeleted": false
  },
  {
    "Code": "608",
    "Name": "Banco Open S.A",
    "CreatedAt": "2018-01-29 15:12:24.373",
    "UpdatedAt": null,
    "DeletedAt": null,
    "IsDeleted": false
  },
  {
    "Code": "610",
    "Name": "Banco V.R. S.A",
    "CreatedAt": "2018-01-29 15:12:24.373",
    "UpdatedAt": null,
    "DeletedAt": null,
    "IsDeleted": false
  },
  {
    "Code": "611",
    "Name": "Banco Paulista S.A",
    "CreatedAt": "2018-01-29 15:12:24.373",
    "UpdatedAt": null,
    "DeletedAt": null,
    "IsDeleted": false
  },
  {
    "Code": "612",
    "Name": "Banco Guanabara S.A",
    "CreatedAt": "2018-01-29 15:12:24.377",
    "UpdatedAt": null,
    "DeletedAt": null,
    "IsDeleted": false
  },
  {
    "Code": "613",
    "Name": "Banco Pecunia S.A",
    "CreatedAt": "2018-01-29 15:12:24.377",
    "UpdatedAt": null,
    "DeletedAt": null,
    "IsDeleted": false
  },
  {
    "Code": "616",
    "Name": "Banco Interpacifico S.A",
    "CreatedAt": "2018-01-29 15:12:24.377",
    "UpdatedAt": null,
    "DeletedAt": null,
    "IsDeleted": false
  },
  {
    "Code": "617",
    "Name": "Banco Investor S.A.",
    "CreatedAt": "2018-01-29 15:12:24.377",
    "UpdatedAt": null,
    "DeletedAt": null,
    "IsDeleted": false
  },
  {
    "Code": "618",
    "Name": "Banco Tendencia S.A",
    "CreatedAt": "2018-01-29 15:12:24.377",
    "UpdatedAt": null,
    "DeletedAt": null,
    "IsDeleted": false
  },
  {
    "Code": "621",
    "Name": "Banco Aplicap S.A.",
    "CreatedAt": "2018-01-29 15:12:24.380",
    "UpdatedAt": null,
    "DeletedAt": null,
    "IsDeleted": false
  },
  {
    "Code": "622",
    "Name": "Banco Dracma S.A",
    "CreatedAt": "2018-01-29 15:12:24.380",
    "UpdatedAt": null,
    "DeletedAt": null,
    "IsDeleted": false
  },
  {
    "Code": "623",
    "Name": "Banco Panamericano S.A",
    "CreatedAt": "2018-01-29 15:12:24.380",
    "UpdatedAt": null,
    "DeletedAt": null,
    "IsDeleted": false
  },
  {
    "Code": "624",
    "Name": "Banco General Motors S.A",
    "CreatedAt": "2018-01-29 15:12:24.380",
    "UpdatedAt": null,
    "DeletedAt": null,
    "IsDeleted": false
  },
  {
    "Code": "625",
    "Name": "Banco Araucaria S.A",
    "CreatedAt": "2018-01-29 15:12:24.380",
    "UpdatedAt": null,
    "DeletedAt": null,
    "IsDeleted": false
  },
  {
    "Code": "626",
    "Name": "Banco Ficsa S.A",
    "CreatedAt": "2018-01-29 15:12:24.380",
    "UpdatedAt": null,
    "DeletedAt": null,
    "IsDeleted": false
  },
  {
    "Code": "627",
    "Name": "Banco Destak S.A",
    "CreatedAt": "2018-01-29 15:12:24.383",
    "UpdatedAt": null,
    "DeletedAt": null,
    "IsDeleted": false
  },
  {
    "Code": "628",
    "Name": "Banco Criterium S.A",
    "CreatedAt": "2018-01-29 15:12:24.383",
    "UpdatedAt": null,
    "DeletedAt": null,
    "IsDeleted": false
  },
  {
    "Code": "629",
    "Name": "Bancorp Banco Coml. E. De Investmento",
    "CreatedAt": "2018-01-29 15:12:24.383",
    "UpdatedAt": null,
    "DeletedAt": null,
    "IsDeleted": false
  },
  {
    "Code": "630",
    "Name": "Banco Intercap S.A",
    "CreatedAt": "2018-01-29 15:12:24.383",
    "UpdatedAt": null,
    "DeletedAt": null,
    "IsDeleted": false
  },
  {
    "Code": "633",
    "Name": "Banco Redimento S.A",
    "CreatedAt": "2018-01-29 15:12:24.383",
    "UpdatedAt": null,
    "DeletedAt": null,
    "IsDeleted": false
  },
  {
    "Code": "634",
    "Name": "Banco Triangulo S.A",
    "CreatedAt": "2018-01-29 15:12:24.387",
    "UpdatedAt": null,
    "DeletedAt": null,
    "IsDeleted": false
  },
  {
    "Code": "635",
    "Name": "Banco Do Estado Do Amapa S.A",
    "CreatedAt": "2018-01-29 15:12:24.387",
    "UpdatedAt": null,
    "DeletedAt": null,
    "IsDeleted": false
  },
  {
    "Code": "637",
    "Name": "Banco Sofisa S.A",
    "CreatedAt": "2018-01-29 15:12:24.387",
    "UpdatedAt": null,
    "DeletedAt": null,
    "IsDeleted": false
  },
  {
    "Code": "638",
    "Name": "Banco Prosper S.A",
    "CreatedAt": "2018-01-29 15:12:24.387",
    "UpdatedAt": null,
    "DeletedAt": null,
    "IsDeleted": false
  },
  {
    "Code": "639",
    "Name": "Big S.A. - Banco Irmaos Guimaraes",
    "CreatedAt": "2018-01-29 15:12:24.387",
    "UpdatedAt": null,
    "DeletedAt": null,
    "IsDeleted": false
  },
  {
    "Code": "640",
    "Name": "Banco De Credito Metropolitano S.A",
    "CreatedAt": "2018-01-29 15:12:24.390",
    "UpdatedAt": null,
    "DeletedAt": null,
    "IsDeleted": false
  },
  {
    "Code": "641",
    "Name": "Banco Excel Economico S/A",
    "CreatedAt": "2018-01-29 15:12:24.390",
    "UpdatedAt": null,
    "DeletedAt": null,
    "IsDeleted": false
  },
  {
    "Code": "643",
    "Name": "Banco Segmento S.A",
    "CreatedAt": "2018-01-29 15:12:24.390",
    "UpdatedAt": null,
    "DeletedAt": null,
    "IsDeleted": false
  },
  {
    "Code": "645",
    "Name": "Banco Do Estado De Roraima S.A",
    "CreatedAt": "2018-01-29 15:12:24.390",
    "UpdatedAt": null,
    "DeletedAt": null,
    "IsDeleted": false
  },
  {
    "Code": "647",
    "Name": "Banco Marka S.A",
    "CreatedAt": "2018-01-29 15:12:24.390",
    "UpdatedAt": null,
    "DeletedAt": null,
    "IsDeleted": false
  },
  {
    "Code": "648",
    "Name": "Banco Atlantis S.A",
    "CreatedAt": "2018-01-29 15:12:24.390",
    "UpdatedAt": null,
    "DeletedAt": null,
    "IsDeleted": false
  },
  {
    "Code": "649",
    "Name": "Banco Dimensao S.A",
    "CreatedAt": "2018-01-29 15:12:24.390",
    "UpdatedAt": null,
    "DeletedAt": null,
    "IsDeleted": false
  },
  {
    "Code": "650",
    "Name": "Banco Pebb S.A",
    "CreatedAt": "2018-01-29 15:12:24.393",
    "UpdatedAt": null,
    "DeletedAt": null,
    "IsDeleted": false
  },
  {
    "Code": "652",
    "Name": "Banco Frances E Brasileiro Sa",
    "CreatedAt": "2018-01-29 15:12:24.393",
    "UpdatedAt": null,
    "DeletedAt": null,
    "IsDeleted": false
  },
  {
    "Code": "653",
    "Name": "Banco Indusval S.A",
    "CreatedAt": "2018-01-29 15:12:24.393",
    "UpdatedAt": null,
    "DeletedAt": null,
    "IsDeleted": false
  },
  {
    "Code": "654",
    "Name": "Banco A. J. Renner S.A",
    "CreatedAt": "2018-01-29 15:12:24.393",
    "UpdatedAt": null,
    "DeletedAt": null,
    "IsDeleted": false
  },
  {
    "Code": "655",
    "Name": "Banco Votorantim S.A.",
    "CreatedAt": "2018-01-29 15:12:24.393",
    "UpdatedAt": null,
    "DeletedAt": null,
    "IsDeleted": false
  },
  {
    "Code": "656",
    "Name": "Banco Matrix S.A",
    "CreatedAt": "2018-01-29 15:12:24.397",
    "UpdatedAt": null,
    "DeletedAt": null,
    "IsDeleted": false
  },
  {
    "Code": "657",
    "Name": "Banco Tecnicorp S.A",
    "CreatedAt": "2018-01-29 15:12:24.397",
    "UpdatedAt": null,
    "DeletedAt": null,
    "IsDeleted": false
  },
  {
    "Code": "658",
    "Name": "Banco Porto Real S.A",
    "CreatedAt": "2018-01-29 15:12:24.397",
    "UpdatedAt": null,
    "DeletedAt": null,
    "IsDeleted": false
  },
  {
    "Code": "702",
    "Name": "Banco Santos S.A",
    "CreatedAt": "2018-01-29 15:12:24.397",
    "UpdatedAt": null,
    "DeletedAt": null,
    "IsDeleted": false
  },
  {
    "Code": "705",
    "Name": "Banco Investcorp S.A.",
    "CreatedAt": "2018-01-29 15:12:24.400",
    "UpdatedAt": null,
    "DeletedAt": null,
    "IsDeleted": false
  },
  {
    "Code": "707",
    "Name": "Banco Daycoval S.A",
    "CreatedAt": "2018-01-29 15:12:24.400",
    "UpdatedAt": null,
    "DeletedAt": null,
    "IsDeleted": false
  },
  {
    "Code": "711",
    "Name": "Banco Vetor S.A.",
    "CreatedAt": "2018-01-29 15:12:24.400",
    "UpdatedAt": null,
    "DeletedAt": null,
    "IsDeleted": false
  },
  {
    "Code": "713",
    "Name": "Banco Cindam S.A",
    "CreatedAt": "2018-01-29 15:12:24.400",
    "UpdatedAt": null,
    "DeletedAt": null,
    "IsDeleted": false
  },
  {
    "Code": "715",
    "Name": "Banco Vega S.A",
    "CreatedAt": "2018-01-29 15:12:24.400",
    "UpdatedAt": null,
    "DeletedAt": null,
    "IsDeleted": false
  },
  {
    "Code": "718",
    "Name": "Banco Operador S.A",
    "CreatedAt": "2018-01-29 15:12:24.400",
    "UpdatedAt": null,
    "DeletedAt": null,
    "IsDeleted": false
  },
  {
    "Code": "719",
    "Name": "Banco Primus S.A",
    "CreatedAt": "2018-01-29 15:12:24.400",
    "UpdatedAt": null,
    "DeletedAt": null,
    "IsDeleted": false
  },
  {
    "Code": "720",
    "Name": "Banco Maxinvest S.A",
    "CreatedAt": "2018-01-29 15:12:24.403",
    "UpdatedAt": null,
    "DeletedAt": null,
    "IsDeleted": false
  },
  {
    "Code": "721",
    "Name": "Banco Credibel S.A",
    "CreatedAt": "2018-01-29 15:12:24.403",
    "UpdatedAt": null,
    "DeletedAt": null,
    "IsDeleted": false
  },
  {
    "Code": "722",
    "Name": "Banco Interior De Sao Paulo S.A",
    "CreatedAt": "2018-01-29 15:12:24.403",
    "UpdatedAt": null,
    "DeletedAt": null,
    "IsDeleted": false
  },
  {
    "Code": "724",
    "Name": "Banco Porto Seguro S.A",
    "CreatedAt": "2018-01-29 15:12:24.403",
    "UpdatedAt": null,
    "DeletedAt": null,
    "IsDeleted": false
  },
  {
    "Code": "725",
    "Name": "Banco Finabanco S.A",
    "CreatedAt": "2018-01-29 15:12:24.407",
    "UpdatedAt": null,
    "DeletedAt": null,
    "IsDeleted": false
  },
  {
    "Code": "726",
    "Name": "Banco Universal S.A",
    "CreatedAt": "2018-01-29 15:12:24.407",
    "UpdatedAt": null,
    "DeletedAt": null,
    "IsDeleted": false
  },
  {
    "Code": "728",
    "Name": "Banco Fital S.A",
    "CreatedAt": "2018-01-29 15:12:24.407",
    "UpdatedAt": null,
    "DeletedAt": null,
    "IsDeleted": false
  },
  {
    "Code": "729",
    "Name": "Banco Fonte S.A",
    "CreatedAt": "2018-01-29 15:12:24.407",
    "UpdatedAt": null,
    "DeletedAt": null,
    "IsDeleted": false
  },
  {
    "Code": "730",
    "Name": "Banco Comercial Paraguayo S.A",
    "CreatedAt": "2018-01-29 15:12:24.407",
    "UpdatedAt": null,
    "DeletedAt": null,
    "IsDeleted": false
  },
  {
    "Code": "731",
    "Name": "Banco Gnpp S.A.",
    "CreatedAt": "2018-01-29 15:12:24.410",
    "UpdatedAt": null,
    "DeletedAt": null,
    "IsDeleted": false
  },
  {
    "Code": "732",
    "Name": "Banco Premier S.A.",
    "CreatedAt": "2018-01-29 15:12:24.410",
    "UpdatedAt": null,
    "DeletedAt": null,
    "IsDeleted": false
  },
  {
    "Code": "733",
    "Name": "Banco Nacoes S.A.",
    "CreatedAt": "2018-01-29 15:12:24.410",
    "UpdatedAt": null,
    "DeletedAt": null,
    "IsDeleted": false
  },
  {
    "Code": "734",
    "Name": "Banco Gerdau S.A",
    "CreatedAt": "2018-01-29 15:12:24.410",
    "UpdatedAt": null,
    "DeletedAt": null,
    "IsDeleted": false
  },
  {
    "Code": "735",
    "Name": "Banco Neon",
    "CreatedAt": "2018-01-29 15:12:24.410",
    "UpdatedAt": "2019-11-12 19:15:00.000",
    "DeletedAt": "2019-11-12 19:15:00.000",
    "IsDeleted": true
  },
  {
    "Code": "736",
    "Name": "Banco United S.A",
    "CreatedAt": "2018-01-29 15:12:24.410",
    "UpdatedAt": null,
    "DeletedAt": null,
    "IsDeleted": false
  },
  {
    "Code": "737",
    "Name": "Theca",
    "CreatedAt": "2018-01-29 15:12:24.413",
    "UpdatedAt": null,
    "DeletedAt": null,
    "IsDeleted": false
  },
  {
    "Code": "738",
    "Name": "Marada",
    "CreatedAt": "2018-01-29 15:12:24.413",
    "UpdatedAt": null,
    "DeletedAt": null,
    "IsDeleted": false
  },
  {
    "Code": "739",
    "Name": "Bgn",
    "CreatedAt": "2018-01-29 15:12:24.413",
    "UpdatedAt": null,
    "DeletedAt": null,
    "IsDeleted": false
  },
  {
    "Code": "740",
    "Name": "Bcn Barclays",
    "CreatedAt": "2018-01-29 15:12:24.413",
    "UpdatedAt": null,
    "DeletedAt": null,
    "IsDeleted": false
  },
  {
    "Code": "741",
    "Name": "Brp",
    "CreatedAt": "2018-01-29 15:12:24.413",
    "UpdatedAt": null,
    "DeletedAt": null,
    "IsDeleted": false
  },
  {
    "Code": "742",
    "Name": "Equatorial",
    "CreatedAt": "2018-01-29 15:12:24.417",
    "UpdatedAt": null,
    "DeletedAt": null,
    "IsDeleted": false
  },
  {
    "Code": "743",
    "Name": "Banco Emblema S.A",
    "CreatedAt": "2018-01-29 15:12:24.417",
    "UpdatedAt": null,
    "DeletedAt": null,
    "IsDeleted": false
  },
  {
    "Code": "744",
    "Name": "The First National Bank Of Boston",
    "CreatedAt": "2018-01-29 15:12:24.417",
    "UpdatedAt": null,
    "DeletedAt": null,
    "IsDeleted": false
  },
  {
    "Code": "745",
    "Name": "Citibank",
    "CreatedAt": "2017-04-19 16:01:50.353",
    "UpdatedAt": null,
    "DeletedAt": null,
    "IsDeleted": false
  },
  {
    "Code": "746",
    "Name": "Modal S.A.",
    "CreatedAt": "2018-01-29 15:12:24.417",
    "UpdatedAt": null,
    "DeletedAt": null,
    "IsDeleted": false
  },
  {
    "Code": "747",
    "Name": "Rabobank Do Brasil",
    "Document": "01.023.570/0001-60",
    "CreatedAt": "2018-01-29 15:12:24.420",
    "UpdatedAt": "2020-04-23 22:00:00.000",
    "DeletedAt": null,
    "IsDeleted": false
  },
  {
    "Code": "748",
    "Name": "Sicredi",
    "CreatedAt": "2018-01-29 15:12:24.420",
    "UpdatedAt": null,
    "DeletedAt": null,
    "IsDeleted": false
  },
  {
    "Code": "749",
    "Name": "Brmsantil Sa",
    "CreatedAt": "2018-01-29 15:12:24.420",
    "UpdatedAt": null,
    "DeletedAt": null,
    "IsDeleted": false
  },
  {
    "Code": "750",
    "Name": "Banco Republic National Of New York (Bra",
    "CreatedAt": "2018-01-29 15:12:24.420",
    "UpdatedAt": null,
    "DeletedAt": null,
    "IsDeleted": false
  },
  {
    "Code": "751",
    "Name": "Dresdner Bank Lateinamerika-Brasil S/A",
    "CreatedAt": "2018-01-29 15:12:24.420",
    "UpdatedAt": null,
    "DeletedAt": null,
    "IsDeleted": false
  },
  {
    "Code": "752",
    "Name": "Banco Banque Nationale De Paris Brasil S",
    "CreatedAt": "2018-01-29 15:12:24.420",
    "UpdatedAt": null,
    "DeletedAt": null,
    "IsDeleted": false
  },
  {
    "Code": "753",
    "Name": "Banco Comercial Uruguai S.A.",
    "CreatedAt": "2018-01-29 15:12:24.423",
    "UpdatedAt": null,
    "DeletedAt": null,
    "IsDeleted": false
  },
  {
    "Code": "755",
    "Name": "Banco Merrill Lynch S.A",
    "CreatedAt": "2018-01-29 15:12:24.423",
    "UpdatedAt": null,
    "DeletedAt": null,
    "IsDeleted": false
  },
  {
    "Code": "756",
    "Name": "Bancoob",
    "CreatedAt": "2017-08-01 22:29:11.827",
    "UpdatedAt": null,
    "DeletedAt": null,
    "IsDeleted": false
  },
  {
    "Code": "757",
    "Name": "Banco Keb Do Brasil S.A.",
    "CreatedAt": "2018-01-29 15:12:24.423",
    "UpdatedAt": null,
    "DeletedAt": null,
    "IsDeleted": false
  }
]
